보수,직업군인,"<section class=""marB60"">
<h3 class=""title"">보수정책</h3>
<h4 class=""title"">관련법규</h4>
<ol class=""marB20 marL15"">
<li>군인보수법</li>
<li>공무원보수 규정</li>
<li>공무원수당 등에 관한 규정</li>
<li>군인 및 군무원의 해외파견 근무수당지급 규정</li>
<li>군인 등의 특수근무수당에 관한 규칙</li>
<li>공무원 보수 등의 업무지침</li>
<li>단기복무 부사관 장려수당지급 규정</li>
</ol>
<h4 class=""title"">급여관련 용어의 정의</h4>
<ul class=""list_01 marB20"">
<li><span class=""listT"">보수</span>봉급과 각종수당을 합산한 금액</li>
<li><span class=""listT"">봉급</span>직무의 곤란성과 책임의 정도에 따라 직책별로 지급되는 기본급여 또는 직무의 곤란성과 책임의 정도 및 재직기간 등에 따라 계급별·호봉별로 지급되는 기본급여</li>
<li><span class=""listT"">수당</span>직무여건 및 생활여건 등에 따라 지급되는 부가급여</li>
</ul>
<h4 class=""title"">수당 현황</h4>
<ul class=""list_01 marB20"">
<li><span class=""listT"">상여수당</span>정근수당, 정근수당가산금, 대우공무원수당, 성과상여금</li>
<li><span class=""listT"">가계보전수당</span>가족수당, 자녀학비보조수당, 주택수당, 육아휴직수당</li>
<li><span class=""listT"">초과근무수당 등</span>관리업무수당, 시간외근무수당 등</li>
<li><span class=""listT"">실비변상 등</span>가계지원비, 명절휴가비, 교통보조비, 직급보조비, 연가보상비, 정액급식비</li>
<li><span class=""listT"">특수근무수당 등</span>특수지근무수당, 위험근무수당, 특수업무수당, 업무대행수당, 군법무관 수당 등</li>
<li><span class=""listT"">기타</span>해외파견근무수당, 재외근무수당 등</li>
</ul>
<h4 class=""title floatL w50per"">봉급/일반수당 세부내용</h4>
<a class=""btn_down floatR"" href=""https://www.mnd.go.kr/mbshome/mbs/mnd/images/contents/detail_down.hwp"">봉급/일반수당 세부내용 다운로드</a>
<div class=""clear marB10""></div>
<h4 class=""title floatL w50per"">군인 등의 특수근무수당</h4>
<a class=""btn_down floatR"" href=""https://www.mnd.go.kr/mbshome/mbs/mnd/images/contents/spe_down.hwp"">군인 등의 특수근무수당  세부내용 다운로드</a>
<div class=""clear marB10""></div>
<h4 class=""title floatL w50per"">해외파견  근무수당</h4>
<a class=""btn_down floatR"" href=""https://www.mnd.go.kr/mbshome/mbs/mnd/images/contents/plan_down.hwp"">해외파견  근무수당  세부내용 다운로드</a>
<div class=""clear""></div>
</section>",https://www.mnd.go.kr/mbshome/mbs/mnd/subview.jsp?id=mnd_011304010000
주거,직업군인,"<section class=""marB60"">
<h3 class=""title"">주거지원 정책</h3>
<p class=""marB20"">잦은 근무지 이동 및 열악한 환경에서 근무하는 군인에게 안정적이고 쾌적한 주거 제공은 군 복지 중 가장 중요하고 기본적인 사항입니다. 노후하고 협소한 군 관사를 개선해 쾌적한 주거환경을 지원하고, 군인을 대상으로한 주택관련 정보 제공 및 주택 특별공급 확대 등을 통해 군인의 내 집 마련을 위한 지원을 아끼지 않겠습니다.</p>
<h4 class=""title"">군인이 만족하는 숙소를 제공하겠습니다.</h4>
<ul class=""list_01 marB20"">
<li>낡고 협소한 군 관사를 국민주택 평균수준으로 단계적 개선<br>
		* 노후(건립 후 30년 이상 관사)·협소(50㎡미만) 관사 ⇒ 80∼126㎡(공급면적)수준으로 개선</br></li>
<li>부족한 군 관사를 대체하여 지원하는 전세대부는 지원 금액을 현실화하여 주거 만족도를 제고</li>
</ul>
<h4 class=""title"">군인의 내 집 마련의 꿈이 이루어지도록 지원하겠습니다.</h4>
<ul class=""list_01 marB20"">
<li>군 유휴지 개발을 통한 군인공제회 회원 주택의 택지공급을 늘리되, 군인 가족들의 선호도를 적극 고려하여 추진 </li>
<li>희망지역에 주택분양을 받을 수 있도록 일정 조건 충족 시 주택청약거주지 제한 해제('11년~)</li>
<li>군인이 거주하고 싶은 지역에서 내 집을 마련할 수 있도록 관심 지역 분양 정보 제공</li>
<li>민간 시공 업체와 적극 협의하여 장기복무 무주택 군인 대상 주택 특별공급 물량 확대</li>
</ul>
</section>",https://www.mnd.go.kr/mbshome/mbs/mnd/subview.jsp?id=mnd_011304020000
전직지원,직업군인,"<section class=""marB40"">
<h3 class=""title"">개요</h3>
<p class=""marB20"">장병 사기 진작 및 전역 후 안정된 생활여건 조성을 위해 전역예정 간부들에게  전직지원교육, 취업지원 등의 전직지원 서비스를 제공하고 있습니다.</p>
</section>, <section class=""marB40"">
<h3 class=""title"">목표</h3>
<ul class=""list_01"">
<li>전직교육의 내실화로 전역 후 취업 경쟁력 제고 </li>
<li>군 관련 취업직위 확대 등 전역 후 안정된 생활여건 보장</li>
</ul>
</section>, <section class=""marB40"">
<h3 class=""title"">복무기간별 전직교육기간</h3>
<div class=""table_wrap alignC"">
<table>
<caption>복무기간별 전직교육기간</caption>
<colgroup>
<col class=""w25per""/>
<col class=""w25per""/>
<col class=""w25per""/>
<col class=""w25per""/>
</colgroup>
<thead>
<tr>
<th scope=""col"">복무기간</th>
<th scope=""col"">10년 이상 ~ 27년 미만</th>
<th scope=""col"">27년 이상 ~ 30년 미만</th>
<th scope=""col"">30년 이상</th>
</tr>
</thead>
<tbody>
<tr>
<td>전직지원 기간</td>
<td>10개월</td>
<td>11개월</td>
<td>12개월</td>
</tr>
</tbody>
</table>
</div>
</section>, <section class=""marB40 h_img"">
<h3 class=""title"">효율적인 전직지원체계 발전</h3>
<p class=""marB10"">국방전직교육원을 설립(2015.1.1.)하여 현역 군인의 특수성을 반영한 맞춤형 전직교육 시스템을 구축 · 발전시키고 있으며, 전직교육 체계는 아래와 같습니다.</p>
<h4 class=""title"">전직지원 체계도</h4>
<img longdesc=""#hc"" src=""https://www.mnd.go.kr/mbshome/mbs/mnd/images/contents/img_01130403.gif""/>
<div class=""hc"" id=""hc"">
<div class=""table_wrap"">
<table>
<caption>전직지원 체계도</caption>
<colgroup>
<col class=""w15per""/>
<col class=""w15per""/>
<col class=""w15per""/>
<col class=""w15per""/>
<col class=""w20per""/>
<col class=""w20per""/>
</colgroup>
<thead>
<tr>
<th scope=""col"">시기</th>
<th colspan=""3"" scope=""col"">6~12개월</th>
<th scope=""col"">전역</th>
<th scope=""col"">전역3년후</th>
</tr>
</thead>
<tbody>
<tr>
<th rowspan=""2"" scope=""row"">교육기간 및 과정시기</th>
<td>전직기본교육 (2주)</td>
<td>전직지원컨설팅 (6주)</td>
<td>심화교육 (7개월)</td>
<td>취ㆍ창업매진 (2~3개월)</td>
<td>취업지원</td>
</tr>
<tr>
<td>변화관리 사회적응</td>
<td>전자기진단 목표설정</td>
<td>자격증 취득, 전문성 향상, 직무능력 향상</td>
<td>취ㆍ창업매진</td>
<td>미취업자교육</td>
</tr>
<tr>
<th scope=""row"">전직 지원 활동</th>
<td>장기복무자 전직기본교육, 중기복무자 취업기본교육, 전방부대 순회 취업기본교육, 제대군인 취업 지원 프로그램 (V-TAP) </td>
<td>장자기진단/변화관리, 역량분석/목표설정, 취업스킬 및 사회 적응능력 향상, 사후관리 (취ㆍ창업지원) </td>
<td>* 심화과정 - 국방부과정 (13개과정) - 각군과정 (11개과정) - 취업역량교육 * 심소자본참업, 전문 기관 위탁교육 등 3개과정 </td>
<td>취ㆍ창업 정보제공, 취ㆍ창업 활동</td>
<td>취ㆍ창업 상담, 직업교육훈련, 바우처 지원 심화과정, - 취ㆍ창업 워크숍, - 대학위탁교육, 전문교육기관 위탁교육 등 내일배움카드제 </td>
</tr>
<tr>
<th scope=""row"">담당 부처</th>
<td colspan=""4"">국방부</td>
<td>국가보훈처</td>
</tr>
</tbody>
</table>
</div>
</div>
</section>, <section class=""marB40"">
<h3 class=""title"">군 관련 취업직위 개발 · 확대 노력</h3>
<p>'14년 말 기준 약 19,000 여개 직위를 확보하였으며, 향후 전역군인 적합 일자리 확보를 위해 비전투 분야 민간인력 활용을 확대하고 아웃소싱과 연계하는 등 군 관련 취업직위 확대를 위해 적극 노력하겠습니다.</p>
</section>, <section class=""marB40"">
<h3 class=""title"">전직기본교육의 내실화</h3>
<p>전역 후 성공적인 사회복귀를 지원하기 위하여 단계별 전직지원시스템을 구축· 발전시키고 있습니다. 재취업지원을 위하여 2015년 전직교육체계를 개편하여 의무복무이상 복무한 전역예정간부를 대상으로 전직지원교육을 실시할 계획입니다. 부대여건상 교육기회가 제한되는 전방 및 격오지 부대 장병들에게는 취·창업과 관련된 정보제공을 위해 전방부대 순회교육을 실시하고 있습니다.</p>
</section>, <section class=""marB60"">
<h3 class=""title"">수요자 중심의 맞춤식 전문교육과정 확대 운영</h3>
<p>사회와 기업에서 요구하는 수준의 경쟁력을 확보할 수 있도록 수요자 중심의 맞춤식 전문교육을 확대해 나가는 한편, 고용노동부, 국가보훈처 등 관계기관과 협의하여 프로그램을 개발, 취업능력의 질적 향상을 도모하고 있습니다. 특히 군 경력과 특기를 연계한 전문교육 과정을 운영함으로써 재취업 지원에 최대한 노력을 배가시켜 나가겠습니다.</p>
</section>",https://www.mnd.go.kr/mbshome/mbs/mnd/subview.jsp?id=mnd_011304030000
군인연금,직업군인,"<section class=""marB40"">
<h3 class=""title"">군인연금제도 개요</h3>
<h4 class=""title"">군인연금제도 목적</h4>
<ul class=""list_01 marB20"">
<li>본인 및 그 유족에게 적절한 급여를 지급함으로써 
			<ul class=""bul_dash"">
<li>상당한 기간 복무하고 퇴직하거나 심신의 장애로 인하여 퇴직 또는 사망한 때</li>
<li>공무상 질병, 부상으로 요양하는 때</li>
</ul>
</li>
<li>생활 안정과 복지향상에 기여하기 위한 국가보상적·사회보험적 제도입니다.</li>
</ul>
<h4 class=""title"">군인연금제도 적용대상</h4>
<ul class=""list_01 marB20"">
<li>원칙적으로 기여금을 납부하는 군인(장교, 준·부사관)에게 적용하며,</li>
<li>사망보상금과 장애보상금은 예외적으로 기여금을 납부하지 않는 병사에게도 적용합니다.</li>
</ul>
<h4 class=""title"">군인연금제도 연혁</h4>
<ul class=""list_01 marB20"">
<li>1960년 공무원연금법(군인 포함) 제정, 시행</li>
<li>1961년 6.25 전쟁(전투복무기간 2배 가산) 등으로 연금 수급자 발생</li>
<li>1963년 군 복무의 특수성과 군인의 사기복지 증진을 위해 군인연금법으로 분리, 시행</li>
</ul>
</section>, <section class=""marB40"">
<h3 class=""title"">군인연금의 성격</h3>
<ul class=""list_01 marB20"">
<li>군인은 목숨을 담보로 항시 긴장태세를 늦추지 못하는 특수한 근무환경 속에서 복무하는 점 등을 감안한 “국가보상적 성격”</li>
<li>현역 복무시 개인기여금을 납부하고 퇴직 후 연금을 수급하여 노후를 대비하는 “사회보험적 성격”</li>
<li>생애 최대 지출기(45~56세)에 군 복무의 특수성으로 조기 전역하는 점을 감안한 “생활보장적 성격”</li>
</ul>
</section>, <section class=""marB40 h_img"">
<h3 class=""title"">군인연금 운영 체계</h3>
<img longdesc=""#hc"" src=""https://www.mnd.go.kr/mbshome/mbs/mnd/images/contents/img_01130404.gif""/>
<div class=""hc marB20"" id=""hc"">
<h4 class=""title"">수입</h4>
<ul class=""list_01 marB20"">
<li>개인기 여금</li>
<li>반환금 및 구상금</li>
<li>국가부담금</li>
<li>국가보전금</li>
</ul>
<h4 class=""title"">지출</h4>
<ul class=""list_01 marB20"">
<li>연금급여(15종) 
				<ul class=""bul_dash"">
<li>퇴직연금</li>
<li>유족연금</li>
<li>상이연금 등</li>
</ul>
</li>
<li>기금관리 운영비</li>
</ul>
</div>
<p class=""note"">자세한 사항은 군인연금 홈페이지(<a href=""http://www.mps.go.kr/"" target=""_blank"">www.mps.go.kr</a> )를 통해 확인하실 수 있습니다.</p>
</section>, <section class=""marB40"">
<h3 class=""title"">군인연금제도에 반영되는 군 복무의 특수성</h3>
<h4 class=""title"">군인은 생명을 담보로 하는 임무를 수행합니다.</h4>
<ul class=""list_01 marB20"">
<li>엄격한 군법 하에 기본권이 제한(거주이전, 통신, 언론출판의 자유 등) 되며 GOP, 해안경비초소 등 위험하고 열악한 장소에서 임무를 수행하고 있습니다.</li>
</ul>
<h4 class=""title"">군인은 정년이 짧습니다.</h4>
<ul class=""list_01 marB20"">
<li>전투중심의 교육훈련 및 작전수행 등을 고려하여 신체 여건상 정년이 짧으며, 대부분 생애 최대지출시기인 45세~56세에 본인의 의사와 관계없이 전역하고 있습니다.</li>
</ul>
<h4 class=""title"">군인은 재취업이 어렵습니다.</h4>
<ul class=""list_01 marB20"">
<li>군인의 업무가 일반사회와 연계성이 부족하여 전역 후에 사회 재취업이 곤란합니다.</li>
<li>연간 연금대상자의 50%만이 재취업을 하고 있으며, 취업기간은 2~8년에 불과합니다. 그나마, 재취업자의 50%는 월 150만원 이하의 보수를 받고 있습니다.</li>
</ul>
<h4 class=""title"">군인은 잦은 이사로 가족들의 희생을 요구하고 있습니다.</h4>
<ul class=""list_01 marB20"">
<li>결혼 후 평균 2년 1개월 마다 이사를 하고 있습니다.</li>
</ul>
<h4 class=""title"">군인은 문화생활에서 소외되어 있습니다.</h4>
<ul class=""list_01 marB20"">
<li>간부의 48%가 읍·면 소재지 수준의 격오지 및 전방지역에 거주하고 있으며, 교육훈련·작전임무·비상대기 등 상시 근무태세로 사생활에 제한을 받고 있습니다.</li>
</ul>
<h4 class=""title"">군인은 국가의 최우선 목표인 국가안보를 담당하고 있습니다.</h4>
<ul class=""list_01"">
<li>적정한 군인연금은 군인들이 열악한 여건을 감내하면서 전역 후 생활에 대한 걱정없이 군 복무에 전념할 수 있게 하는 매우 중요한 인센티브 기능을 수행하고 있습니다. 특히, 군인의 임무를 대체할 인력은 군인 밖에 없으므로, 군인연금은 군이 우수한 인력을 확보하여 선진강군으로 나아가기 위한 국가안보비용입니다.</li>
</ul>
</section>, <section class=""marB60"">
<h3 class=""title"">우리나라 군인연금제도와 외국의 군인연금제도 비교</h3>
<div class=""table_wrap alignC marB10"">
<table>
<caption>우리나라 군인연금제도와 외국의 군인연금제도 비교 </caption>
<colgroup>
<col class=""w10per""/>
<col class=""auto""/>
<col class=""auto""/>
<col class=""auto""/>
<col class=""auto""/>
<col class=""auto""/>
<col class=""auto""/>
<col class=""auto""/>
<col class=""auto""/>
<col class=""auto""/>
<col class=""auto""/>
</colgroup>
<thead>
<tr>
<th colspan=""2"" rowspan=""2"" scope=""col"">구분</th>
<th colspan=""3"" scope=""col"">기여금 미부담</th>
<th colspan=""6"" scope=""col"">기여금 부담</th>
</tr>
<tr>
<th scope=""col"">영국</th>
<th scope=""col"">미국</th>
<th scope=""col"">호주</th>
<th scope=""col"">대만</th>
<th scope=""col"">인니</th>
<th scope=""col"">이태리</th>
<th scope=""col"">칠레</th>
<th scope=""col"">프랑스</th>
<th scope=""col"">한국</th>
</tr>
</thead>
<tbody>
<tr>
<th colspan=""2"">기여금부담률(%, 개인/국가)</th>
<td colspan=""3"">100% 국가부담</td>
<td>7.0/13.0</td>
<td>4.75/0</td>
<td>8.8/24.2</td>
<td>6.5/0</td>
<td>7.85/0</td>
<td>7.0/7.0</td>
</tr>
<tr>
<th rowspan=""2"" scope=""row"">최고연금<br>
					지급률(%)</br></th>
<td>군인</td>
<td>57</td>
<td>100</td>
<td>80</td>
<td>140</td>
<td>75</td>
<td>80</td>
<td>100</td>
<td>80</td>
<td>
<strong>62.7(1)</strong>
</td>
</tr>
<tr>
<td>공무원</td>
<td>67</td>
<td>80</td>
<td>70.2</td>
<td>140</td>
<td>75</td>
<td>80</td>
<td>70</td>
<td>80</td>
<td>
<strong>62.7</strong>
</td>
</tr>
<tr>
<th colspan=""2"" scope=""row"">기여금 납부기간 (년)</th>
<td colspan=""3"">0</td>
<td>전체 복무기간</td>
<td>37</td>
<td>35</td>
<td>전체 복무기간</td>
<td>37.5</td>
<td>
<strong>전체 복무 기간</strong>
</td>
</tr>
<tr>
<th rowspan=""2"" scope=""row"">수급최소 복무기간(년)</th>
<td>군인</td>
<td>2</td>
<td>20</td>
<td>20</td>
<td>20</td>
<td>15</td>
<td>20</td>
<td>20</td>
<td>15</td>
<td>
<strong>19.5</strong>
</td>
</tr>
<tr>
<td>공무원</td>
<td>25</td>
<td>30</td>
<td>20</td>
<td>25(65세)</td>
<td>20</td>
<td>35</td>
<td>20</td>
<td>15</td>
<td>
<strong>20</strong>
</td>
</tr>
<tr>
<th colspan=""2"" scope=""row"">유족(배우자)<br/>
					연금제도(%)</th>
<td>62.5</td>
<td>55</td>
<td>67(자녀<br/>
						할증)</td>
<td>50</td>
<td>50</td>
<td>60(자녀<br/>
						할증)</td>
<td>100</td>
<td>50</td>
<td>
<strong>60(2)</strong>
</td>
</tr>
<tr>
<th rowspan=""2"" scope=""row"">지급개시연령</th>
<td>군인</td>
<td>55</td>
<td>전역즉시</td>
<td>55</td>
<td>전역즉시</td>
<td>전역즉시</td>
<td>65</td>
<td>전역즉시</td>
<td>50(장교),<br/>
						전역즉시</td>
<td>
<strong>전역즉시</strong>
</td>
</tr>
<tr>
<td>공무원</td>
<td>60~65</td>
<td>55~62</td>
<td>55</td>
<td>퇴직시</td>
<td>(20)</td>
<td>65</td>
<td>60~65</td>
<td>50~60</td>
<td>
<strong>65</strong>
</td>
</tr>
<tr>
<th rowspan=""6"" scope=""row"">정년</th>
<td>부사관<br/>
						준사관</td>
<td>55</td>
<td>40~55</td>
<td>55</td>
<td>50~58</td>
<td>53</td>
<td>60</td>
<td>(35)</td>
<td>45~64</td>
<td>
<strong>45~55</strong>
</td>
</tr>
<tr>
<td>소령</td>
<td>55</td>
<td>(22)</td>
<td>55</td>
<td>(20)</td>
<td>58</td>
<td>65</td>
<td>(35)</td>
<td>50~64</td>
<td>
<strong>45</strong>
</td>
</tr>
<tr>
<td>중령</td>
<td>55</td>
<td>(28)</td>
<td>55</td>
<td>(24)</td>
<td>58</td>
<td>65</td>
<td>(35)</td>
<td>50~64</td>
<td>
<strong>53</strong>
</td>
</tr>
<tr>
<td>대령</td>
<td>55</td>
<td>(30)</td>
<td>55</td>
<td>(28)</td>
<td>58</td>
<td>65</td>
<td>(35)</td>
<td>50~64</td>
<td>
<strong>56</strong>
</td>
</tr>
<tr>
<td>준장~대장</td>
<td>57~64</td>
<td>60~64</td>
<td>55</td>
<td>60~70</td>
<td>58</td>
<td>65</td>
<td>(35)</td>
<td>61~65</td>
<td>
<strong>58~63</strong>
</td>
</tr>
<tr>
<td>공무원</td>
<td>60~65</td>
<td>-</td>
<td>-</td>
<td>55~65</td>
<td>50~65</td>
<td>60~65</td>
<td>60~65</td>
<td>65~70</td>
<td>
<strong>57~62</strong>
</td>
</tr>
</tbody>
</table>
</div>
<div class=""box_04"">
<ol class=""zero"">
<li>군인연금은 ‘13년 7월부터 군인연금법상 기준보수를 보수월액에서 과세대상 소득인 기준소득월액으로 변경하여 지급률을 조정하였음(보수월액: 기준소득월액의 65% 수준)</li>
<li>‘13년 7월이후 신규 임용자부터 적용, ’13년 7월 현재 재직자 및 기존 연금수급자는 70%</li>
</ol>
</div>
</section>",https://www.mnd.go.kr/mbshome/mbs/mnd/subview.jsp?id=mnd_011304040000
가족지원,직업군인,"<section class=""marB40"">
<h3 class=""title"">가족 생활 지원</h3>
<p class=""marB20"">전방, 격오지 근무와 잦은 이사, 열악한 주거환경 등 군 복무의 특성을 고려할 때, 군인가족에 대한 이해와 지원은 군인의 안정 적인 임무수행에 있어 필수적인 요소입니다. 따라서 맞춤형 가족 지원을 통해 직업군인이 본연의 임무에 전념할 수 있도록 하고,  일과 가족이 조화를 이룰 수 있는 가족친화적인 군 복지정책을 제공합니다.</p>
<h4 class=""title"">가족복지에 대한 인식 제고를 위한 제반노력</h4>
<p class=""marB20"">일과 가족생활을 영위할 수 있는 요구 증대에 따라 군의 특수성을 고려한 군인과 군인가족을 위한 맞춤형 복지지원 서비스 지원</p>
<h4 class=""title"">군인가족 행복지원 서비스 확대</h4>
<p class=""marB20"">전국 각 지역의 건강가정지원센터로부터 전문적이고 우수한 다양한 가족지원서비스를 군인가족에게 제공하여 건강하고 안정적인 가족형성 및 체감 복지 수준 향상</p>
<h4 class=""title"">다양한 자원 활용의 협력체계 구축</h4>
<p>지자체 및 지역사회, 기업, 사회단체와의 협력을 통해 군인가족을 위한 다양한 형태의 지원 유치(각종 교육 및 교양강좌 운영, 각종 시설 이용 편의제공 등) 및 군인가족의 지역공동체와의 연계성 확대</p>
</section>, <section class=""marB40"">
<h3 class=""title"">자녀 교육 및 양육 지원</h3>
<p class=""marB20"">군인자녀들의 잦은 전학에 따른 환경부적응과 자녀교육 부담이 큰 생애최대지출시기에 퇴직을 맞는 군인가족의 경제적 부담을 해소하는데 노력하고 맞벌이/부부군인 증가에 따른 영유아 보육서비스를 확대하여 안정적인 군 근무여건을 만들어 나갑니다.</p>
<h4 class=""title"">영유아 보육 지원 확대</h4>
<p class=""marB20"">맞벌이/부부군인 증가에 따라 양질의 보육서비스를 제공하기 위해 군 어린이집을 지속 건립하고, 지역 건강가정지원센터와  연계를 통해 아이돌보미서비스를 확대 시행</p>
<h4 class=""title"">군인자녀를 위한 기숙사 제공 및 개선</h4>
<p class=""marB20"">학업으로 부모와 떨어져 있는 군 자녀를 위해 기숙시설을 제공하고 시설을 개선하여 군 자녀의 안정적인 학습여건 보장 등 군인가족에게 실질적인 혜택 지원</p>
<h4 class=""title"">장학금 지원과 특별전형 확대</h4>
<ul class=""list_01 marB20"">
<li>대학생 자녀를 위해 장학금을 지원하고, 장기적으로는 학비 전액을 지원하여 군인가족의 경제적 부담 해소</li>
<li>일부 대학에 한정되어 있는 직업군인 자녀 특별전형 입학제도를 확대하여 군인자녀로서 자부심을 제고하고 미래 인재로 양성되도록 교육기회 제공</li>
</ul>
<h4 class=""title"">지역사회와 연계, 교육여건 개선</h4>
<p>지자체, 교육부의 방과 후 프로그램을 군부대 지역에 확충하고 군 자체 우수 자원(국내외 우수대학 출신 및 어학, 예체능 관련 자격보유 간부/병사)을 활용하여 교육격차 해소</p>
</section>, <section class=""marB60"">
<h3 class=""title"">아동∙청소년 프로그램 개발</h3>
<p class=""marB20"">군 복무의 특성상 잦은 이사와 전학으로 인해 감수성이 예민한 청소년기의 군인자녀들에게 정서적 안정과 신체적 건강을 돕고 군인 자녀로서 부모님의 직업에 긍지를 가질 수 있도록 하는 것은 국가 안보의식 고취와 건강한 가정생활을 기반으로 군 본연의 임무수행에 전념할 수 있게 만드는 가장 기본적인 요소입니다.</p>
<h4 class=""title"">아동·청소년 대상 프로그램 개발 및 지원</h4>
<p class=""marB20"">군인자녀들이 정서적, 육체적으로 건강하게 성장하여 건전한 사회 구성원이 될 수 있도록 지역·사회 단체와 함께 다양한 교육/상담/스포츠·문화체험 프로그램 발굴 및 인프라를 지원</p>
<h4 class=""title"">다양한 분야의 군인자녀 캠프 및 프로그램 확대</h4>
<p>군 가족 힐링캠프 등 진로/교육/경제/과학 등 다양한 분야의 캠프 개설 및 군인자녀 선호 교육 프로그램(자기주도학습 지원 등) 우대 혜택 추진</p>
</section>",https://www.mnd.go.kr/mbshome/mbs/mnd/subview.jsp?id=mnd_011304050000
문화복지,직업군인,"<section class=""marB40 h_img"">
<h3 class=""title"">체력관리 지원</h3>
<p class=""marB20"">군인에게 체력과 정신력은 임무를 수행하는 지극히 필수적인 요소입니다. 반복되는 훈련과 긴장되는 대기태세 속에서 심신의 피로와 체력적 부담을 이겨낼 수 있도록 전천후 체육활동 여건이 조성됩니다.</p>
<img class=""marB20"" longdesc=""#hc"" src=""https://www.mnd.go.kr/mbshome/mbs/mnd/images/contents/img_01130406_01.gif""/>
<div class=""hc"" id=""hc"">
<h4 class=""title"">문화복지</h4>
<ul class=""list_01 marB20"">
<li>체력관리 지원</li>
<li>휴가 및 여가 지원</li>
<li>문화활동 지원</li>
</ul>
</div>
<h4 class=""title"">군인가족 행복지원 서비스 확대</h4>
<p class=""marB20"">국방부 차원의 표준화된 체육시설을 만들어 날씨와 상관없이 체육활동이나 체력단련이 가능(헬스장비는 물론 농구, 배구 등 구기종목 시설)</p>
<h4 class=""title"">편리하게 이용하는 권역별 체력단련장</h4>
<ul class=""list_01"">
<li>권역별로 체력단련장을 세워 체력유지와 건강관리를 할 수 있도록 배려</li>
<li>지역에 따라 군 휴양시설과 연계하여 건립, 지역 내 일자리 창출에 기여</li>
</ul>
</section>, <section class=""marB40"">
<h3 class=""title"">휴양 및 여가 지원</h3>
<p class=""marB20"">군 복무의 특수성으로 인해 격무와 스트레스에 시달리는 직업군인이나 군인가족들에게는 삶을 재충전할 기회가 절실합니다.<br>
	기존의 노후, 낙후한 휴양시설을 대폭 개선하여 휴식의 시간을 좀더 쾌적하게 만들어 갈 수 있습니다.</br></p>
<h4 class=""title"">달라진 눈높이에 맞춰 휴양시설 통합 지원</h4>
<ul class=""list_01"">
<li>각 군별로 운영하고 있는 소규모의 휴양, 복지시설들을 국방부 차원에서 통합 관리하고 현대화 추진</li>
<li>이용자 조사를 거쳐 비선호지역은 시설을 통폐합하여 군 자원을 절약, 절약된 자원은 권역별로 인기 선호지역으로 전환해 시설개선이나 추가 건립에 사용</li>
</ul>
</section>, <section class=""marB60 h_img"">
<div class=""overflowW"">
<div class=""floatL w50per rw100 rw_img"">
<h3 class=""title"">문화활동지원</h3>
<p class=""marB20"">일상 속에서 즐거움과 만족을 느낄 수 있도록 여가 및 문화시설은 필수적이지만 일부 대도시에 주둔하는 부대를 제외하고는 그런 혜택을 누리기 어려웠습니다.<br/>
			이제 군인복지기본계획과 함께 부대(기지) 내에서 다양한 문화복지 혜택을 만날 수 있습니다.</p>
</div>
<div class=""floatR rw_img"">
<img longdesc=""#hc02"" src=""https://www.mnd.go.kr/mbshome/mbs/mnd/images/contents/img_01130406_02.gif""/>
<div class=""hc"" id=""hc02"">
<ul class=""list_01 marB20"">
<li>매우 그렇다 - 3.2%</li>
<li>약간 그렇다 - 27.0%</li>
<li>별로 그렇지 않다 - 42.9%</li>
<li>전혀 그렇지 않다 - 12.5%</li>
<li>무응답 - 0.4%</li>
</ul>
</div>
</div>
</div>
<h4 class=""title"">통합 복지시설에 여가·문화 시설까지 구비</h4>
<ul class=""list_01 marB20"">
<li>향후 건립되는 주거단지의 통합 복지시설에는 교육, 문화예술, 스포츠를 즐길 수 있는 시설 마련 수준 높은 여가·문화·교육<br>
		프로그램 개발</br></li>
<li>군인가족을 세분화하여 각 대상에 맞는 프로그램을 개발하고, 사회단체의 프로그램 참여 유도</li>
</ul>
<img longdesc=""#hc03"" src=""https://www.mnd.go.kr/mbshome/mbs/mnd/images/contents/img_01130406_03.gif""/>
<div class=""hc"" id=""hc03"">
<h5 class=""title"">주말여가활동</h5>
<dl class=""sty02"">
<dt>TV 및 비디오 시청</dt>
<dd>19.1</dd>
<dt>스포츠 활동</dt>
<dd>11.6</dd>
<dt>휴식</dt>
<dd>9.4</dd>
<dt>가사</dt>
<dd>8.3</dd>
<dt>컴퓨터 게임, 인터넷 등</dt>
<dd>8.1</dd>
<dt>사교활동</dt>
<dd>7.1</dd>
<dt>영화보기</dt>
<dd>6.9</dd>
<dt>종교활동</dt>
<dd>6.5</dd>
</dl>
</div>
</section>",https://www.mnd.go.kr/mbshome/mbs/mnd/subview.jsp?id=mnd_011304060000
맞춤형 복지,직업군인,"<section class=""marB40"">
<h3 class=""title"">맞춤형복지제도란?</h3>
<h4 class=""title"">카페테리아식 복지제도</h4>
<p class=""marB20"">맞춤형 복지제도란 사전에 설계하여 제공하는 다양한 복지혜택 중에서 자신의 선호와 필요에 따라 자신에게 필요한 복지혜택을 스스로 선택할 수 있도록 하는 선진국형, 미래지향형 복지제도입니다.</p>
<p>마치 카페테리아 식당에서 자신이 좋아하는 음식을 골라 먹듯이 제공되는 복지메뉴 중 본인의 기호에 따라, 주머니 사정을 고려하여 필요한 항목을 선택하는 것을 연상하면 되는 일명 카페테리아 플랜(Cafeteria Plan) 또는 Flexible Benefits Plan으로 불리기도 합니다.</p>
</section>, <section class=""marB40"">
<h3 class=""title"">맞춤형복지제도의 장점</h3>
<p class=""marB20"">일반적으로 후생복지란 '행정의 능률을 향상시키고 근무조건 및 환경, 그리고 사기관리를 통하여 군인 및 군무원, 공무원들이 업무에 충실할 수 있도록 돕는것' 이라고 말하고 있습니다.</p>
<p>맞춤형복지제도는 자신의 선호와 필요에 따라 자신에게 적합한 복지혜택을 선택할 수 있도록 하여 다양한 복지수요를 효과적으로 충족시키면서, 아울러 건강과 생활인정, 신체보호, 능력개발 등 조직의 필요에 의하여 사용하도록 함으로써 조직생활을 충실하게 하여 생산성을 높일 수 있도록 고안된 새로운 후생복지 제도입니다.</p>
</section>, <section class=""marB40"">
<h3 class=""title"">맞춤형복지제도의 운영방식</h3>
<p>복지예산의 배정은 각 부서의 전체예산에서 복지예산의 책정된 부분을 다시 개개인의 기본점수, 근속년수,가족부양 수, 배우자 유무에 따라 부여되는 복지점수로 합하여 차별 적용하며 복지자금으로 할당되어 이용할 수 있습니다.</p>
</section>, <section class=""marB60 h_img"">
<h3 class=""title"">맞춤형복지자금(자율항목) 이용 안내</h3>
<div class=""overflowW"">
<div class=""floatL w70per rw100"">
<p class=""marB20"">국방복지포탈사이트에 로그인후(회원 미가입자는 신규회원가입) 맞춤형복지 메뉴에서 자신에게 배정된 복지자금을 확인→일반적인 가맹점에서 자율항목 구매 후 복지카드로 결제→승인완료후 본인의 핸드폰으로 전송되는 승인내역 문자메세지를 확인(맞춤형 복지 결제시 SMS전송은 무료)</p>
<h4 class=""title"">맞춤형 복지자금 잔액이 150,000인데 승인금액은 200,000원일 경우(예시)</h4>
<ul class=""list_02"">
<li>국방복지신용카드는 150,000원은 맞춤형복지자금으로 결제되고, 50,000원은 개인신용카드로 자동결제되어 개인에게 청구됨(분할청구)</li>
<li>체크카드의 경우 분할청구가 되지 않으므로 150,000원을 복지자금으로 먼저 결제한 후  50,000원은 개인이 결제해야 함 (200,000원을 결제할 경우, 200,000원 전액이 개인에게 청구되므로 주의바랍니다)</li>
</ul>
<p class=""marL20 marB20"">* 체크카드의 경우 연결계좌에 50,000원 이상이 있어야 결제 처리됨</p>
</div>
<div class=""floatR rw_img"">
<img longdesc=""#hc"" src=""https://www.mnd.go.kr/mbshome/mbs/mnd/images/contents/img_01130407_01.gif""/>
<div class=""hc marB20"" id=""hc"">
				04/12 09:50<br/>
				승인: 10,000원<br/>
				복지적용: 10,000원<br/>
				잔액: 250,000원<br/>
				아침화원
			</div>
</div>
</div>
<h4 class=""title"">복지카드로 결제시 승인메세지(예시)</h4>
<div class=""overflowW marB20"">
<div class=""floatL w50per"">
<ul class=""list_02 marB10"">
<li>복지자금으로 결제 시(무료)</li>
</ul>
<img longdesc=""#hc02"" src=""https://www.mnd.go.kr/mbshome/mbs/mnd/images/contents/img_01130407_02.gif""/>
<div class=""hc marB20"" id=""hc02"">
				04/12 09:50<br/>
				승인: 150,000원<br/>
				복지적용: 150,000원<br/>
				잔액: 0원<br/>
				육군복지단
			</div>
</div>
<div class=""floatR w50per"">
<ul class=""list_02 marB10"">
<li>개인사용카드 결제처리(유료 : 월 300원)</li>
</ul>
<img longdesc=""#hc03"" src=""https://www.mnd.go.kr/mbshome/mbs/mnd/images/contents/img_01130407_03.gif""/>
<div class=""hc marB20"" id=""hc03"">
				신한카드 정상승인<br/>
				11/12 15:30<br/>
				승인: 50,000원<br/>
				육군복지단
			</div>
</div>
</div>
<div class=""overflowW "">
<h4 class=""title floatL w50per rw100"">맞춤형복지 기본항목(보장보험) 이용 안내</h4>
<a class=""btn_go floatR"" href=""http://www.imnd.or.kr"" target=""_blank"">국방복지포털사이트 바로가기</a>
</div>
</section>",https://www.mnd.go.kr/mbshome/mbs/mnd/subview.jsp?id=mnd_011304070000
장병내일준비적금,병사,,https://www.mnd.go.kr/mbshome/mbs/mnd/subview.jsp?id=mnd_011302060000
군 의료시스템 개편,병사,"<section class=""marB40"">
<h3 class=""title"">환자중심 군 의료서비스 개선</h3>
<ul class=""list_01 marB20"">
<li>환자가 안락하고, 쾌적한 환경에서 진료받을 수 있도록 노후화된 전방 군병원 (홍천, 강릉, 양주, 춘천)과 사단급 의무대 시설 개선</li>
<li>군병원에서의 불필요한 대기시간을 줄이기 위해 셔틀버스를 보강하고, 군병원 위병소(영문)의 단계적 개방 및 북까페 등 편의공간을 확보하여 환자 및 보호자의 군병원 이용 편의성을 재고</li>
<li>장병이 아프면 원하는 날짜에 원하는 민간·공공병원에서 진료받을 수 있도록 이용절차를 간소화하고, 민간･공공의료 인프라를 적극 활용</li>
<li>군 복무 중 질병·부상을 입은 병사에게 국가가 끝까지 책임지고 의료지원을 할 수 있도록 관련 법령 및 제도를 개선 
		<p>* 현재 법령상 총 1년(전역보류 6개월 + 전역 후 6개월) 의 의료지원을 할 수 있으나, 완치 시까지 6개월 이하 단위로 계속 전역보류할 수 있도록 ⌈병역법⌋ 개정</p>
</li>
</ul>
</section>, <section class=""marB40"">
<div>
<h3 class=""title"">선택과 집중을 통한 군 의료 질 향상</h3>
<ul class=""list_01 marB20"">
<li>‘선택과 집중’을 통해 16개 군병원을 특성화 발전시키고, 국군외상센터를 ’20년에 개원하여 총상･폭발창 등 군 외상환자에 대한 자체 진료종결능력을 조기 확보 
			<p>* 군병원의 수술역량을 전문화·고도화하기 위해 수술기능은 권역별 4개 병원(수도·대전·춘천·양주)으로 통합하고, 장기군의관 등 의료인력과 장비를 집중배치<br/>
			* 나머지 군병원은 환자의 안정·요양·재활·외래·검진기능에 특성화</p>
</li>
<li>경증환자의 1차 진료를 담당하는 사단급 의무대는 인력·장비 등을 보강하여 진료 역량을 강화하고, 격오지를 제외한 연·대대 의무실은 응급환자 후송 및 질병예방 등을 중심을 기능을 단계적으로 개편</li>
<li>환자의 안전과 질 높은 의료서비스 제공을 위해 숙련된 의료인력을 확보·양성하고, 인사·경력관리를 통해 의료 전문성을 제고 
			<p>* 약사, 방사선사, 임상병리사 등 부족한 의료인력을 확충하여 평일 야간 및 휴무일에 주로 발생하였던 무자격 의무병에 의한 의료보조행위를 근절</p>
</li>
</ul>
</div>
</section>, <section class=""marB60"">
<div>
<h3 class=""title"">골든타임 내 응급조치 역량 강화 / 상시 의무지원 대비태세 발전</h3>
<ul class=""list_01 marB20"">
<li>전방부대 중심으로 응급구조사 등 응급인력을 보강하고, 의무후송전용헬기 8대를 ’20년까지 배치하여 軍 응급조치 역량을 강화</li>
<li>소방과의 긴밀한 협력을 통해 軍 응급환자 발생 시 가장 근접한 기관이 응급환자를 신속히 병원으로 후송할 수 있는 체계를 구축 
			<p>* 후송자산 상호지원 및 인력교류 강화 등</p>
</li>
<li>환자진료, 응급후송 등 軍 의무지원 활동에 대해 국군의무사령부의 조정･지원 능력을 강화하고, 생·화학 및 집단 감염병 연구역량 향상을 위해 국군의학연구소의 연구인력·시설·장비 확충</li>
</ul>
</div>
</section>",https://www.mnd.go.kr/mbshome/mbs/mnd/subview.jsp?id=mnd_011302070000
병영생활 개선,병사,"<section class=""marB40"">
<h3 class=""title"">병영시설 개선</h3>
<ul class=""list_01 marB20"">
<li>병영생활관 개선사업은 1인당 전용면적을 소대 단위 침상형 2.3㎡에서 분대 단위 침대형 6.3㎡로 확대하고, 사이버지식정보방, 체력단련실 등 편의시설도 마련하고 있습니다.</li>
</ul>
<h4 class=""title"">병영시설 개선 현황</h4>
<p class=""alignR marT-30"">(2018.12.31. 기준)</p>
<div class=""table_wrap alignC marB40 marT10"">
<table class=""marB20"">
<caption>군 주거시설 개선현황에 대한 구분, 총 소요, 확보(~ 2014년),2015년 이후를 안내합니다. 
		</caption>
<colgroup>
<col class=""w22per""/>
<col class=""w13per""/>
<col class=""w13per""/>
<col class=""w13per""/>
<col class=""w13per""/>
<col class=""w13per""/>
</colgroup>
<thead>
<tr>
<th scope=""col"">구분</th>
<th scope=""col"">2014까지</th>
<th scope=""col"">2015</th>
<th scope=""col"">2016</th>
<th scope=""col"">2017</th>
<th scope=""col"">2018</th>
</tr>
</thead>
<tbody>
<tr>
<th>육군<br/>
				병영생활관(동)</th>
<td>1,294</td>
<td>27</td>
<td>32</td>
<td>36</td>
<td>58</td>
</tr>
<tr>
<th>해·공군·국직<br/>
				병영생활관(동)</th>
<td>903</td>
<td>8</td>
<td>8</td>
<td>5</td>
<td>7</td>
</tr>
<tr>
<th>GOP/해강안<br/>
				소초생활관(동)</th>
<td>1,032</td>
<td>5</td>
<td>18</td>
<td>9</td>
<td>11</td>
</tr>
</tbody>
</table>
<ul class=""list_01 marB20 alignL"">
<li>병영생활관 : 국정과제로 선정되어 2004년부터 육군 전방부대를 대상으로 추진된 <span class=""blue"">’병영생활관 현대화사업‘은 병사들의 열악한 주거환경 개선을 위해 노후·협소한 기존 소대 단위(30~50명) 침상형 생활관을 분대 단위(8~10명) 침대형 구조로 변경하고, 1인당 2.3㎡이었던 생활면적을 6.3㎡로 확장하면서 세면실, 화장실, 도서관, 체력단련장 등의 위생·편의시설을 확충하는 등 현대식으로 개선하는 사업임. 국방개혁 기본계획 변경에 따른 군 구조개편 계획 조정(해체 또는 존속부대)으로 ‘26년까지 병영생활관 추가 개선 추진 중임.</span></li>
</ul>
</div>
</section>, <section class=""marB60"">
<h3 class=""title"">사이버지식정보방 운영</h3>
<p class=""marB10"">군 복무기간중 병사들의 사회와의 정보단절 해소, 자기계발 및 학습 기회제공을 통하여 생산적인 병영생활을 유도하고 있습니다.</p>
<h4 class=""title"">사이버지식정보방 운영</h4>
<p class=""alignR marT-30"">(2019.2월 기준)</p>
<div class=""table_wrap alignC marB10 marT10"">
<table>
<caption>사이버지식정보방의 구분, 계, 국가재정사업 소계, 1차('09년), 2차('10년), 민간투자사업('07년~) 대한 안내입니다. 
		</caption>
<colgroup>
<col class=""auto""/>
<col class=""w10per""/>
<col class=""w10per""/>
<col class=""w15per""/>
<col class=""w15per""/>
<col class=""w15per""/>
</colgroup>
<thead>
<tr>
<th rowspan=""2"" scope=""col"">구분</th>
<th rowspan=""2"" scope=""col"">계</th>
<th colspan=""3"" scope=""col"">국가 재정사업</th>
<th rowspan=""2"" scope=""col"">민간투자사업(BTO)<br/>
				('07.1.~17.1.)재정전환</th>
</tr>
<tr>
<th scope=""col"">소 계</th>
<th scope=""col"">1차('09.9.~)</th>
<th scope=""col"">2차('10.8.~)</th>
</tr>
</thead>
<tbody>
<tr>
<th scope=""row"">사지방(개소)</th>
<td>5,248</td>
<td>1,862</td>
<td>837</td>
<td>1,025</td>
<td>3,386</td>
</tr>
<tr>
<th scope=""row"">인터넷PC(대)</th>
<td>50,709</td>
<td>15,243</td>
<td>8,394</td>
<td>6,849</td>
<td>35,466</td>
</tr>
</tbody>
</table>
</div>
<p class=""marB10"">* '09∼'10년 PC는 '15∼'16년 교체 예정이며, '12년은 '06년 PC 교체한 것임</p>
</section>",https://www.mnd.go.kr/mbshome/mbs/mnd/subview.jsp?id=mnd_011302030000
"급식, 피복/장구",병사,"<section class=""marB40"">
<h3 class=""title"">장병들은 무엇을 먹나?</h3>
<h4 class=""title"">영양소 섭취목표(1인 1일)</h4>
<div class=""table_wrap alignC marB30"">
<table>
<caption>장병들 영양소 섭취목표에 대한 안내입니다.
		</caption>
<colgroup>
<col class=""w20per""/>
<col class=""w10per""/>
<col class=""w10per""/>
<col class=""w10per""/>
<col class=""w10per""/>
<col class=""w10per""/>
<col class=""w10per""/>
<col class=""w10per""/>
<col class=""w10per""/>
</colgroup>
<thead>
<tr>
<th rowspan=""2"" scope=""col"">권장열량(kcal)</th>
<th rowspan=""2"" scope=""col"">탄수화물(g)</th>
<th rowspan=""2"" scope=""col"">단백질(g)</th>
<th rowspan=""2"" scope=""col"">지방(g)</th>
<th rowspan=""2"" scope=""col"">칼슘(mg)</th>
<th colspan=""4"" scope=""col"">비타민</th>
</tr>
<tr>
<th scope=""col"">A(RE)</th>
<th scope=""col"">B1(mg)</th>
<th scope=""col"">B2(mg)</th>
<th scope=""col"">C(mg)</th>
</tr>
</thead>
<tbody>
<tr>
<th scope=""row"">3,000</th>
<td>456</td>
<td>127.5</td>
<td>74</td>
<td>750</td>
<td>750</td>
<td>1.20</td>
<td>1.50</td>
<td>100</td>
</tr>
</tbody>
</table>
</div>
<h4 class=""title"">부식운영</h4>
<div class=""table_wrap alignC marB10"">
<table>
<caption>부식운영에 대한 안내입니다.
		</caption>
<colgroup>
<col class=""w20per""/>
<col class=""w20per""/>
<col class=""w60per""/>
</colgroup>
<thead>
<tr>
<th colspan=""2"" scope=""col"">구분</th>
<th scope=""col"">비고</th>
</tr>
</thead>
<tbody>
<tr>
<th colspan=""2"" scope=""row"">소채류</th>
<td class=""alignL"">원품</td>
</tr>
<tr>
<th rowspan=""6"" scope=""row"">수육류</th>
<th class=""line_R"" scope=""row"">소고기</th>
<td class=""alignL"">고기(32g/일)+갈비(연 5회)</td>
</tr>
<tr>
<th scope=""row"">돼지고기</th>
<td class=""alignL"">고기(68g/일)+갈비(연 12회)</td>
</tr>
<tr>
<th scope=""row"">닭고기</th>
<td class=""alignL"">고기(63g/일)+삼계탕(연 5회)</td>
</tr>
<tr>
<th scope=""row"">오리고기</th>
<td class=""alignL"">연 16회</td>
</tr>
<tr>
<th scope=""row"">달걀</th>
<td class=""alignL"">월 22개</td>
</tr>
<tr>
<th scope=""row"">기타</th>
<td class=""alignL"">육가공품 14종(돈가스, 햄, 치킨너겟, 꼬리곰탕 등)</td>
</tr>
<tr>
<th colspan=""2"" scope=""row"">어개류</th>
<td class=""alignL"">반가공품(41종), 가공품(12종), 계란말이, 계란후라이</td>
</tr>
<tr>
<th colspan=""2"" scope=""row"">두채류</th>
<td class=""alignL"">두부, 콩나물</td>
</tr>
<tr>
<th colspan=""2"" scope=""row"">기타</th>
<td class=""alignL"">장류, 조미류, 소스류, 기타 부재료 등</td>
</tr>
</tbody>
</table>
</div>
<!--p class=""marB30"">※ 농·축·수산물은 전량 국내산 사용(고사리, 도라지 제외)</p-->
<h4 class=""title"">후식운영</h4>
<div class=""table_wrap alignC marB30"">
<table>
<caption>후식운영에 대한 안내입니다.
		</caption>
<colgroup>
<col class=""w40per""/>
<col class=""w60per""/>
</colgroup>
<thead>
<tr>
<th scope=""col"">구분</th>
<th scope=""col"">급식기준</th>
</tr>
</thead>
<tbody>
<tr>
<th scope=""row"">우유</th>
<td class=""alignL"">연 435회(200㎖), 가공우유 24회</td>
</tr>
<tr>
<th scope=""row"">주스류</th>
<td class=""alignL"">오렌지, 사과, 복숭아, 포도, 파인애플, 망고, 귤, 배</td>
</tr>
<tr>
<th scope=""row"">과일류</th>
<td class=""alignL"">사과, 배, 복숭아, 수박, 참외, 방울토마토, 감귤, 감, 한라봉, 거봉포도 등</td>
</tr>
<tr>
<th scope=""row"">기타</th>
<td class=""alignL"">발효유, 이온음료, 식혜, 아이스크림 등</td>
</tr>
</tbody>
</table>
</div>
<h4 class=""title"">증식운영(월 9회) : 건빵(연 12개), 컵라면(연 24개), 쌀국수(연 9회), 쌀국수비빔면(연 2회), 떡(연 24회)</h4>
</section>, <section class=""marB40 h_img"">
<h3 class=""title"">급식, 어떤 과정으로 이뤄지나?</h3>
<img alt=""급식의 과정"" src=""https://www.mnd.go.kr/mbshome/mbs/mnd/images/contents/img_01130204.jpg"">
<div class=""hc table_wrap"">
<table>
<caption>급식 과정 단계별로 주식, 부식 (후식)을 안내합니다.
		</caption>
<colgroup>
<col class=""w20per""/>
<col class=""auto""/>
<col class=""auto""/>
</colgroup>
<thead>
<tr>
<th scope=""col"">급식 과정</th>
<th scope=""col"">주식</th>
<th scope=""col"">부식 (후식)</th>
</tr>
</thead>
<tbody>
<tr>
<th scope=""row"">1. 생산 및 가공</th>
<td class=""valignT"">
<ul class=""list_02"">
<li>군량곡 수급사무에 관한 협정에 따라 정부 양곡 구매</li>
</ul>
</td>
<td class=""valignT"">
<ul class=""list_02"">
<li>국가를 당사자로 하는 계약에 관한 법률. 국군식품목 계획생산 조달에 관한 협정</li>
<li>사전에 농ㆍ수산 협정을 통해 농ㆍ어가와 부식물 생산 약정체결을 통해 구매선 확보</li>
</ul>
</td>
</tr>
<tr>
<th scope=""row"">2. 수납</th>
<td class=""valignT"">
<ul class=""list_02"">
<li>지자체(창고)에서 30일 소요량을 각 급양대와 사단으로 납품</li>
</ul>
</td>
<td class=""valignT"">
<ul class=""list_02"">
<li>(중앙조달) 가공식품류는 조달요구-&gt;계약-&gt;감독/검수-&gt;납품</li>
<li>(농수협공급, 부대조달) 기타 부식은 그뱡ㅇ대와 수납사단이 군납조합으로 물량을 청구. 주 3회 납품</li>
</ul>
</td>
</tr>
<tr>
<th scope=""row"">3. 검사</th>
<td class=""valignT"">
<ul class=""list_02"">
<li>도정한 지 3개월 이내의 양곡인지 여부 검사</li>
</ul>
</td>
<td class=""valignT"">
<ul class=""list_02"">
<li>(중앙조달) 납품 전에 검수 완료</li>
<li>식품검사관, 생산감독관 및 위탁배송 책임자의 합동검수</li>
</ul>
</td>
</tr>
<tr>
<th scope=""row"">4. 소분 및 분배</th>
<td class=""valignT"">
<ul class=""list_02"">
<li>분배 절차 불필요</li>
</ul>
</td>
<td class=""valignT"">
<ul class=""list_02"">
<li>급식유통센터와 분배소에서 식시</li>
<li>취사 단위별 소분 포장 후 박스단위로 재포장</li>
</ul>
</td>
</tr>
<tr>
<th scope=""row"">5. 적재 및 배송</th>
<td class=""valignT"">
<ul class=""list_02"">
<li>적재 후 단위부대까지 ㅂ배송</li>
</ul>
</td>
<td class=""valignT"">
<ul class=""list_02"">
<li>냉동 냉장 구분해서 적재 후 취사 단위 부대까지 보급</li>
</ul>
</td>
</tr>
<tr>
<th scope=""row"">6. 조리</th>
<td class=""valignT"" colspan=""2"">
<ul class=""list_02"">
<li>민간 조리원 주도하에 조리병 조리</li>
</ul>
</td>
</tr>
<tr>
<th scope=""row"">7. 급식</th>
<td class=""valignT"" colspan=""2"">
<ul class=""list_02"">
<li>장병들에게 배식, 맛있게 섭취</li>
</ul>
</td>
</tr>
</tbody>
</table>
</div>
</img></section>, <section class=""marB60"">
<h3 class=""title"">피복ㆍ장구류는 품질개선 계획을 수립하여 추진하고 있습니다.</h3>
<p class=""marB10"">ㅇ 국방부는 전장환경에서 전투원의 임수 수행능력을 극대화하고 병사의 병영생활 만족도 향상 및 군 이미지 제고를 위해 피복과 개인장구류를 개선하고 있습니다.<br>
<br/>
ㅇ 이를 위해 장병 만족도 조사를 통해 수렴된 의견을 품질개선에 반영한 선진국 수준의 품질과 사회의 섬유발전 추세를 적극 활용하는 방향으로 개선을 추진하고 있습니다.<br/>
<br/>
ㅇ 피복류는 인체 동작시험을 입체적으로 분석하여 적용한 디자인과 첨단 기능성 소재를 추가하여 편의성과 위생여건을 증진시키도록 추진하였습니다. 특히, 장병 생활밀착형 피복류 보급기준을 확대하고, 품질 개선을 추진하여 장병만족도와 병영생활 여건을 향상시켰습니다. 장병들을 대상으로 실시한 피복 만족도 조사 결과를 바탕으로 ’18년에 드로어즈팬티, 면수건, 손수건, 일반장갑, 모장갑 등을 개선하였습니다.<br/>
<br/>
ㅇ ’19년 1월부터는 춘추운동복 보급기준을 1벌에서 2벌로 확대하였으며, 병사들에게 현금으로 지급하는 군 일용품 5개 품목(세수비누, 치약, 칫솔, 샴푸, 바디워시) 중 '세수비누' 대신 '세안제'를 신규로 추가하여 장병들의 위생여건을 개선하였습니다. 이에 따라 1인당 월 5,000원씩 지급하던 현금지급액을 월 5,750원으로 13% 인상하였습니다.(연 69,000원)<br/>
<br/>
ㅇ 금년 하반기에는 최전방부대 근무 장병을 대상으로 패딩형 동계점퍼를 신규 보급하여 따뜻한 겨울을 보낼 수 있도록 할 계획입니다.<br/>
<br/>
ㅇ 최근 급변하는 전장상황과 나날이 증대되는 개인 장병의 안전성에 대한 관심으로 개인장구류는 전투효율성과 더불어 생존성 보장을 위해 다양한 기능을 갖추어야 합니다.<br/>
<br/>
ㅇ 방탄복, 방탄헬멧, 개인천막, 전투배낭 및 전투조끼 등 신형 장구류는 우선적으로 전투부대 위주로 보급을 추진하고 있고, '23년까지는 전투지원부대까지 100% 보급할 예정이며, 대표적인 개인 방호물자인 방탄복은 보급대상을 확대하여 장병의 안전을 최우선적으로 보장할 수 있도록 추진하겠습니다.<br/>
<br/>
ㅇ 또한 지속적인 품질개선을 통해, 방탄헬멧은 방호성능 이외에 다양한 장비 등을 부착할 수 있도록 확장성을 증대시키고, 방탄복은 격렬한 전투활동이 용이한 재질과 디자인을 적용하는 등 장병의 전투력과 생존성을 향상시킬 우수한 개인장구류를 보급할 수 있도록 노력하겠습니다.<br/>
<br/>
ㅇ 이러한 피복과 장구류의 개선으로 전투원의 생존성 제고는 물론 작전과 훈련의 효율성이 향상되어 군 이미지 제고 및 장병들의 사기와 국민의 신뢰도가 높아질 것으로 기대합니다. </br></p>
</section>",https://www.mnd.go.kr/mbshome/mbs/mnd/subview.jsp?id=mnd_011302040000
자기개발,병사,"<section class=""marB40 h_img"">
<div class=""box_icon bg_02 right marB30"">
<dl>
<dt>병사 자기개발</dt>
<dd>군은 장병들의 자기개발 욕구를 해소시켜주기 위해 군 복무를 학점취득과 국가기술자격 취득여건을 확대하는 등 군이 필요로 하는 인력을 효율적으로 육성함과 동시에 평생교육차원에서 장병 개개인의 자기발전을 지원하여 생산적인 병영생활과 개인, 군 및 국가 경쟁력 향상을 위해 노력하고 있습니다.</dd>
</dl>
</div>
<img alt=""병사 자기개발"" src=""https://www.mnd.go.kr/mbshome/mbs/mnd/images/contents/img_01130205.jpg"">
<div class=""hc"">
<ul class=""list_01 marB10"">
<li>사이버지식정보방 콘텐츠 확대 (17년 8천여개)</li>
<li>원격강좌 학점인정 참여대학 확대 (17년 1학기 136개 대학)</li>
<li>국가기술자격 검정 취득 활성화 (83개 종목)</li>
</ul>
<div class=""box_icon_02 grey2 fS"">결론 : 다양한 학습기회 제공 학점 취득, 자격 취득 → 
		<p class=""blue"">생산적인 병영생활</p>
</div>
</div>
</img></section>, <section class=""marB40"">
<h4 class=""title"">군 복무중인 병사들의 자기개발 기회를 확대하고 있습니다.</h4>
<p class=""marB10"">2006년부터 군 부대에도 주40시간 근무제(토요 휴무)가 도입되어 여가 시간이 주당 10～20시간 이상으로 확대됨에 따라 군 복무중인 병사들 의 자기개발에 대한 관심이 높아가고 있습니다. 과거와는 달리 군 입대하는 병사들에게 있어서의 군복무는 나라를 지킨다는 명분뿐만이 아닌 새로운 생활을 준비하는 또 하나의 도약의 계기로 인식되고 있습니다. 따라서 이러한 신세대 장병들의 자기개발 욕구를 해소시켜 주기 위해 군 복무 중 학점취득과 군 우수 직무분야에 대한 국가기술자격 취득기회 확대를 적극 추진하고 있습니다.</p>
</section>, <section class=""marB40"">
<h4 class=""title"">군 복무중 중단없는 학습여건을 마련하고 있습니다.</h4>
<p class=""marB10"">병사들의 학습여건을 마련하기 위해 중대급과 소규모·격오지 부대까지 5,200여개의 사이버지식정보방에 50,000여대의 PC를 설치하여 e-러닝 학습여건을 지원하고 있습니다. 원격강좌를 통한 학점취득 지원은 2007년 6개 대학을 시작으로 2019년 151개 대학으로 확대되었으며, 지속적으로 참여대학을 확대해 나갈 예정입니다. 이러한 여건 하에 병사들은 학기당 6학점, 연간 12학점까지 학점을 취득할 수 있습니다. <br>
또한 자기개발 여건 확대를 위해 사이버지식정보방에서 외국어, IT, 국가자격시험 등 선호 콘텐츠를 학습 할 수 있도록 지원해주고 있습니다. 2019년에는 8천여개의 학습콘텐츠를 사이버지식정보방 PC를 통해 학습할 수 있도록 여건을 보장해 주고 있으며, 장병 어학교육 향상을 위해 전화영어, 영어마을 입소를 지원하는 한편 TOEIC, TEPS, OPIC 등 어학 시험 응시료를 할인하여 복무 중 개인노력을 통해 어학능력 향상 여건이 지속 확대될 수 있도록 지원해 나갈 예정입니다.</br></p>
</section>, <section class=""marB60"">
<h4 class=""title"">군 기술인력 양성과 국가기술자격 취득을 적극 추진하고 있습니다.</h4>
<p class=""marB10"">정밀무기체계 및 첨단 과학장비를 보유하고 있는 군은 이를 운용할 수 있는 기술인력을 양성하기 위해 다양한 특기를 부여하고 특기별 기술 교육을 통해 자체 자격을 부여해 왔습니다. 또한 국가기술자격법령에 따라 검정권한을 위탁받아 군에서 국가기술자격 검정을 연중 실시하고 있으며, 고용노동부, 한국산업인력공단 등 관계부처·기관과 협의를 거쳐 국가기술자격 필기시험의 면제가 가능한 군 교육훈련과정 추가, 국가기술자격 직무분야 별 군 경력 인정범위 확대 등을 추진하는 한편 개인별 선호하는 자격취득 지원을 위해 각종 학습콘텐츠를 제공 하고 있습니다. 향후에도 군 복무 중 자격을 취득할 수 있는 제반 여건을 지속 확충하여 장병 취업여건 개선과 군 전투력 향상에 기여할 계획입니다.</p>
</section>, <section class=""marB60"">
<h4 class=""title"">병 자기개발 비용을 지원하고 있습니다.</h4>
<p class=""marB10"">국방부는 다양한 자기개발 활동지원을 위해 신청일 기준으로 복무중인, 자기개발을 희망하는 병사를 대상으로 소요비용을 지원하고 있습니다. 1인당 연간 최대 5만원으로 병사와 국방부가 50%씩 부담합니다. 지원분야는 도서구입비(잡지/만화제외), 어학·자격취득(국가·민간) 등 능력검정 응시료, 온·오프라인 강좌수강료 등 자기개발 분야입니다. 자기개발 활동을 실시하고 비용을 신청하면 국방부 심사를 거쳐 비용을 지급합니다.</p>
</section>",https://www.mnd.go.kr/mbshome/mbs/mnd/subview.jsp?id=mnd_011302050000
